{
  "title": "Cavalos",
  "body": "<!--StartFragment-->\n\n#### **Para cada desafio, uma solução. Para cada dor, o alívio. O cuidado que seu campeão merece está aqui.**\n\nVocê dedica seu tempo, sua energia e seu coração ao seu cavalo. E quando ele demonstra dor ou desconforto, sua preocupação se torna a nossa. Problemas como tendinites, artroses e dores nas costas não são apenas diagnósticos; são barreiras que limitam o potencial, a alegria e a qualidade de vida do seu maior parceiro.\n\nÉ por isso que a **Magnetic Pet** foi além da proteção tradicional. Nós desenvolvemos a mais avançada linha de produtos terapêuticos com **tecnologia de infravermelho longo e magnetos**, projetada para atuar diretamente na causa da dor e da inflamação.\n\nNossas soluções são **não invasivas, 100% doping free** e funcionam sem fios ou baterias, oferecendo um tratamento contínuo e natural que recupera tecidos, alivia a dor e devolve o bem-estar ao seu animal.\n\n\n\n<!--StartFragment-->\n\n#### **Encontre a Solução Certa para Cada Desafio:**\n\nNavegue por nossas tecnologias e descubra o produto ideal para auxiliar na prevenção e tratamento das condições que mais afetam os cavalos atletas e de passeio.\n\n* **Para Tendinites, Desmites e Lesões de Ligamentos:** A inflamação nos tendões e ligamentos exige uma ação que melhore a circulação e acelere a recuperação. ➔ **Explore nossas Caneleiras e Jarreteiras Terapêuticas**, projetadas para dar suporte e tratar essas estruturas vitais.\n* **Para Artrose, Esparavão e Osteófitos (Bicos de Papagaio):** O desgaste das articulações causa dor crônica e rigidez. Nossa tecnologia atua aliviando a dor e a inflamação, devolvendo a flexibilidade. ➔ **Descubra o poder das nossas Jarreteiras, Caneleiras e Mantas**, que cuidam das articulações mais afetadas.\n* **Para Dor nas Costas e Sensibilidade na Cernelha:** Um dorso dolorido ou uma cernelha sensível pode comprometer todo o desempenho e o humor do seu cavalo. ➔ **Conheça nossos Protetores de Rim e Mantas Terapêuticas**, que distribuem o peso da sela e tratam a musculatura dorsal.\n* **Para Ovas, Inchaços e Problemas Circulatórios:** O acúmulo de líquidos é um sinal de que algo precisa de atenção. O infravermelho longo é um poderoso ativador da circulação, que ajuda a reduzir edemas e inchaços. ➔ **Veja como nossas Caneleiras e a linha de estábulo podem ajudar.**\n* **Para Artrose na Nuca e Tensão na Mandíbula (ATM):** A rigidez e a dor na região da nuca podem afetar a submissão e o relaxamento do cavalo. ➔ **Experimente nossa Máscara Calmante**, que relaxa a musculatura da cabeça e nuca, aliviando a tensão.\n\n**Não espere a dor se agravar. Navegue abaixo, explore nossas soluções e dê ao seu cavalo a chance de viver e trabalhar com mais saúde, conforto e performance. Ele confia em você para tomar a melhor decisão.**\n\n<!--EndFragment-->\n\n<!--EndFragment-->",
  "meta_title": "Cavalos",
  "meta_description": "Cavalos",
  "sections": [
    {
      "type": "banner-slider",
      "autoplay": 9000,
      "full_width": true,
      "slides": [
        {
          "start": "2025-06-20T19:18:41.686Z",
          "end": "",
          "img": "/img/uploads/cavalo-fachada.png",
          "link": "https://magneticpet.netlify.app/produtos-para-cavalos",
          "mobile_img": "/img/uploads/cavalo-fachadamobile.png"
        }
      ]
    },
    {
      "type": "page-title"
    },
    {
      "type": "extra-page",
      "enabled": true
    },
    {
      "type": "collection-shelf",
      "shuffle": false,
      "limit": 12,
      "page": 1,
      "collection_id": "65e7465a87ab487fbfd6b764:categories:Cavalos:/produtos-para-cavalos",
      "link": "https://magneticpet.netlify.app/produtos-para-cavalos",
      "title": "CAVALOS"
    },
    {
      "type": "info-bar",
      "enabled": true
    }
  ]
}