{
  "title": "Contato",
  "meta_title": "Contato",
  "meta_description": "Contato",
  "body": "### V﻿eja nossos destaques:",
  "sections": [
    {
      "type": "responsive-banner",
      "img": "/img/uploads/catmagneticpet.png"
    },
    {
      "type": "breadcrumbs",
      "enabled": true
    },
    {
      "type": "page-title"
    },
    {
      "type": "custom-html",
      "html": "<center><h3>CONTATOS</h3>\n  <ul class=\"list-unstyled\"><li><span class=\"footer__list-icon\">\n    <i class=\"i-whatsapp\"></i> </span>\n    <a href=\"https://web.whatsapp.com/send?phone=%2B5511994365005\" target=\"_blank\" rel=\"noopener\" class=\"whatsapp-link\" data-tel=\"11994365005\">(11) 99436-5005</a></li><li><span class=\"footer__list-icon\"><i class=\"i-phone\"></i> </span><a href=\"tel:+1134838365\" target=\"_blank\" rel=\"noopener\">(11)3483-8365</a></li><li><a href=\"mailto:vendas@magneticpet.com.br\" target=\"_blank\" rel=\"noopener\">vendas@magneticpet.com.br</a></li><li><address>São Paulo</address></li></ul><p class=\"footer__social\"><a href=\"https://www.facebook.com/magnetic.pet\" target=\"_blank\" rel=\"noopener\" aria-label=\"facebook\" style=\"color: #3b5998\"><i class=\"i-facebook\"></i> </a><a href=\"https://www.youtube.com/@magneticpet620\" target=\"_blank\" rel=\"noopener\" aria-label=\"youtube\" style=\"color: #ff0000\"><i class=\"i-youtube\"></i> </a><a href=\"https://www.instagram.com/magnetic_pet/\" target=\"_blank\" rel=\"noopener\" aria-label=\"instagram\" style=\"color: #e1306c\"><i class=\"i-instagram\"></i></a></p></div></div></center>"
    },
    {
      "type": "extra-page",
      "enabled": true
    },
    {
      "type": "dynamic-showcase",
      "load_more": false,
      "sort": "views"
    },
    {
      "type": "info-bar",
      "enabled": true
    }
  ]
}