{
  "title": "Dúvidas frequentes",
  "meta_title": "Dúvidas frequentes",
  "meta_description": "Dúvidas frequentes",
  "body": "# FAQ\n\n**Benefícios dos raios infravermelhos longos e dos magnetos**\n\nMuito se sabe sobre os benefícios dos raios infravermelhos longos nos seres vivos, em especial nos mamíferos. Diversos estudos foram feitos.  Veja os benefícios relatados:\n\n1. Aumento de metabolismo\n2. Vasodilatação com diminuição da hipertensão\n3. Melhora da circulação\n4. Diminuição da chance de formar coágulos\n5. Aumento da elasticidade da parede das artérias\n6. Eliminação de toxinas no sistema linfático\n7. Diminuição da acidez do corpo\n8. Melhora da imunidade\n9. Diminuição de espasmos musculares e de edemas\n10. Aumento da flexibilidade das articulações\n11. Diminuição da dor e da inflamação\n12. Diminuição das dores de cabeça e da congestão nasal\n\nTem ainda a vantagem de ser natural (sem drogas ou substancias químicas) e não cria dependência. Pode ser usado PREVENTIVAMENTE  e CORRETIVAMENTE.\n\n### **COMO COMPRAR?**\n\nÉ muito fácil comprar seus produtos na **MAGNETIC PET®** \n\nEscolha seus produtos, clique em **adicionar ao carrinho** ou no **botão comprar**, ele será adicionado ao seu carrinho.\n\nApós escolher todos os produtos que desejar. **Clique no carrinho** em **Finalizar Compra**\n\n**Defina o frete de envio**\n\nConfirme seus dados para envio, confira se todos os dados estão corretos, ***caso falte alguma numeração ou dado para envio, o retorno e reenvio será cobrado do cliente, não nos responsabilizamos por informações incorretas ou dados faltantes.***\n\n###### **Escolha a forma de pagamento e finalize a compra.**\n\nProntinho, após a instituição aprovar seu pagamento. \n\nVamos separar seu pedido para ser embalado e postado!\n\n#### **QUAL É A FORMA E O PRAZO DE ENTREGA?**\n\nO prazo de entrega depende do **CEP de destino** e será informado na página de finalização do pedido, a entrega será realizada pelos **CORREIOS ou Transportadora**. Você poderá escolher entre os serviços PAC, SEDEX , Transportadora como método de envio na página de finalização do pedido.\n\n#### **QUAIS SÃO AS FORMAS DE PAGAMENTO?**\n\nVocê pode pagar com cartão de crédito ou boleto bancário via  (apenas no Brasil) , depósito bancário/ PIX, neste caso você será instruído no próprio site e por e-mail sobre a conta e como proceder com o pagamento.\n\n**Para pedidos para envio Exterior**, nos chame no [whatsapp](https://web.whatsapp.com/send?phone=%2B5511994365005) para finalizar sua compra.\n\n#### **COMO ACOMPANHAR O ANDAMENTO DO PEDIDO?**\n\n[Acompanhe aqui.](https://magneticpet.netlify.app/app/#/account/orders)\n\n#### **TROCAS E DEVOLUÇÕES**\n\nTodas as ocorrências que envolvam troca ou devolução devem ser comunicadas nesta página com o assunto TROCA ou DEVOLUÇÃO e com os dados da compra no campo MENSAGEM.\n\n<!--StartFragment-->\n\nPara dúvidas e sugestões fale conosco pelo [whatsapp](https://web.whatsapp.com/send?phone=%2B5511994365005)\n\n<!--EndFragment-->\n\nO contato deve ser enviado em até 48 horas após o recebimento dos produtos, trocas ou devoluções não comunicadas ou comunicadas após o prazo não serão efetuadas.\n\nA devolução deve ser feita com a mesma embalagem e cuidados que o produto foi enviado. Se o produto for devolvido sem os cuidados necessários e chegar avariado, a troca ou devolução não será efetuada.\n\nIMPORTANTE: Recuse o recebimento dos produtos em caso de embalagem avariada ou produto em desacordo com o pedido.\n\nSe ainda assim você receber o produto, entre em contato conosco em até 48 horas.\n\n**MAGNETIC PET®  VENDE PARA FORA DO BRASIL?**\n\nSim,fale conosco pelo [whatsapp](https://web.whatsapp.com/send?phone=%2B5511994365005). \n\n*Ainda tem dúvidas? Entre em contato conosco, será um prazer atendê-lo.*\n\n**[COMO FUNCIONA O ATACADO](https://web.whatsapp.com/send?phone=%2B5511994365005)/ REVENDA[?  W﻿HATSAPP](https://web.whatsapp.com/send?phone=%2B5511994365005)**\n\n<div class=\"html-clearfix\"><center><h3>CONTATOS</h3><ul class=\"list-unstyled\"><li><span class=\"footer__list-icon\"><i class=\"i-whatsapp\"></i> </span><a href=\"https://web.whatsapp.com/send?phone=%2B5511994365005\" target=\"_blank\" rel=\"noopener\" class=\"whatsapp-link\" data-tel=\"11994365005\">(11) 99436-5005</a></li><li><span class=\"footer__list-icon\"><i class=\"i-phone\"></i> </span><a href=\"tel:+1134838365\" target=\"_blank\" rel=\"noopener\">(11)3483-8365</a></li><li><a href=\"mailto:vendas@magneticpet.com.br\" target=\"_blank\" rel=\"noopener\">vendas@magneticpet.com.br</a></li><li><address>São Paulo</address></li></ul><p class=\"footer__social\"><a href=\"https://www.facebook.com/magnetic.pet\" target=\"_blank\" rel=\"noopener\" aria-label=\"facebook\" style=\"color: #3b5998\"><i class=\"i-facebook\"></i> </a><a href=\"https://www.youtube.com/@magneticpet620\" target=\"_blank\" rel=\"noopener\" aria-label=\"youtube\" style=\"color: #ff0000\"><i class=\"i-youtube\"></i> </a><a href=\"https://www.instagram.com/magnetic_pet/\" target=\"_blank\" rel=\"noopener\" aria-label=\"instagram\" style=\"color: #e1306c\"><i class=\"i-instagram\"></i></a></p></center></div>",
  "sections": [
    {
      "type": "page-title"
    },
    {
      "type": "extra-page",
      "enabled": true
    },
    {
      "type": "info-bar",
      "enabled": true
    }
  ]
}