{
  "title": "Lesões - Cavalos",
  "body": "<!--StartFragment-->\n\n#### **Lesões em Cavalos: Entenda, Previna e Trate com Eficácia**\n\nCavalos, sejam eles atletas de alta performance ou companheiros de lazer, estão sujeitos a diversas lesões e enfermidades que podem comprometer seu bem-estar e desempenho. Entender as condições mais comuns e como a **Magnetic Pet** pode ser sua aliada na prevenção e no tratamento é essencial para garantir a longevidade e a saúde do seu campeão.\n\n<!--EndFragment--><!--StartFragment-->\n\nPrincipais Enfermidades e Lesões Comuns em Cavalos:\n\n<!--EndFragment-->",
  "meta_title": "Lesões Comuns em Cavalos: Prevenção e Tratamento com Produtos Magnetic Pet",
  "meta_description": "Conheça as principais lesões em cavalos e como os produtos Magnetic Pet oferecem prevenção e alívio para dores na coluna, articulações e musculatura. Cuide do seu campeão!",
  "sections": [
    {
      "type": "breadcrumbs",
      "enabled": true
    },
    {
      "type": "page-title"
    },
    {
      "type": "extra-page",
      "enabled": true
    },
    {
      "type": "custom-content",
      "markdown": "<!--StartFragment-->\n\n**Dores e Lesões na Coluna e Dorso:**\n\n* **Causas:** Selas mal ajustadas, trabalho excessivo, impactos, problemas posturais.\n* **Sintomas:** Resistência à sela, diminuição da performance, sensibilidade ao toque no dorso.\n* **Solução Magnetic Pet:** Nossas **Mantas de Trabalho Terapêuticas com Infravermelho (com ou sem protetor de rim)** ajudam a relaxar a musculatura dorsal, melhorar a circulação e aliviar a tensão durante o trabalho.\n\n<!--EndFragment-->"
    },
    {
      "type": "collection-shelf",
      "shuffle": false,
      "limit": 12,
      "page": 1,
      "collection_id": "68b8812d578b5f7954a0125b:categories:Mantas e Selas de Trabalho:/mantas-selas-trabalho",
      "sort": "news",
      "link": "https://magneticpet.netlify.app/mantas-selas-trabalho",
      "title": "VEJA MAIS"
    },
    {
      "type": "collection-shelf",
      "shuffle": false,
      "limit": 12,
      "page": 1,
      "collection_id": "68b8816d578b5f7954a012af:categories:Mantas e Capas Descanso:/mantas-capas-descanso",
      "sort": "news",
      "link": "https://magneticpet.netlify.app/mantas-capas-descanso",
      "title": "MANTAS "
    },
    {
      "type": "custom-content",
      "markdown": "<!--StartFragment-->\n\n**Problemas Articulares (Artrite, Artrose, Tendinites):**\n\n* **Causas:** Desgaste natural, sobrecarga, traumas, inflamações crônicas. Afetam principalmente joelhos, jarretes e boletos.\n* **Sintomas:** Claudicação (manqueira), inchaço, rigidez, diminuição da flexibilidade.\n* **Solução Magnetic Pet:** O **Suporte Porta-Bolsa GELO/Gel Quente-Frio (Mod 1 e Mod 2)** permite a aplicação precisa de crioterapia ou termoterapia, fundamental para reduzir a inflamação e a dor em articulações como joelhos, jarretes e canelas.\n\n<!--EndFragment-->"
    },
    {
      "type": "collection-shelf",
      "shuffle": false,
      "limit": 12,
      "page": 1,
      "collection_id": "68b882be578b5f7954a014a5:categories:Suportes:/suportes",
      "sort": "news",
      "link": "https://magneticpet.netlify.app/suportes",
      "title": "SUPORTES"
    },
    {
      "type": "custom-content",
      "markdown": "<!--StartFragment-->\n\n**Lesões Musculares (Contraturas, Distensões):**\n\n* **Causas:** Esforço intenso, falta de aquecimento adequado, movimentos bruscos.\n* **Sintomas:** Dor localizada, inchaço, espasmos musculares.\n* **Solução Magnetic Pet:** O **Suporte Terapêutico para Quadril, Garupa e Sacroilíaca** com infravermelho longo (e magnetos opcionais) auxilia no relaxamento muscular profundo, melhora a circulação e acelera a recuperação de distensões nessa área vital.\n\n<!--EndFragment-->"
    },
    {
      "type": "collection-shelf",
      "shuffle": false,
      "limit": 12,
      "page": 1,
      "collection_id": "68b882be578b5f7954a014a5:categories:Suportes:/suportes",
      "sort": "views",
      "link": "https://magneticpet.netlify.app/suportes",
      "title": "VEJA MAIS"
    },
    {
      "type": "custom-content",
      "markdown": "<!--StartFragment-->\n\n**Problemas no Quadril e Sacroilíaca:**\n\n* **Causas:** Sobrecarga, traumas, predisposição genética, artrose.\n* **Sintomas:** Dificuldade na impulsão, claudicação nos posteriores, dor à palpação.\n* **Solução Magnetic Pet:** Nosso **Suporte Terapêutico para Quadril, Garupa e Sacroilíaca** é projetado para oferecer terapia profunda nessa região complexa, promovendo alívio e recuperação.\n\n<!--EndFragment-->"
    },
    {
      "type": "collection-shelf",
      "shuffle": false,
      "limit": 12,
      "page": 1,
      "collection_id": "65e7465a87ab487fbfd6b764:categories:Cavalos:/produtos-para-cavalos",
      "sort": "news",
      "link": "https://magneticpet.netlify.app/produtos-para-cavalos",
      "title": "CONFIRA NOSSOS PRODUTOS"
    },
    {
      "type": "custom-content",
      "markdown": "<!--StartFragment-->\n\n#### **Prevenção: O Melhor Tratamento**\n\nA prevenção é a chave para a saúde equina. Um manejo adequado, dieta balanceada, ferrageamento correto e, principalmente, o uso de equipamentos que promovem o bem-estar, são indispensáveis. A linha de produtos Magnetic Pet foi desenvolvida para ser parte integrante da sua rotina de cuidados preventivos e terapêuticos.\n\n* **Mantas de Trabalho com Infravermelho:** Usadas rotineiramente, ajudam a preparar a musculatura para o esforço, prevenindo lesões e promovendo um aquecimento mais eficaz.\n* **Capas de Chuva e Inverno (com ou sem pescoço):** Protegem o cavalo de variações climáticas bruscas, prevenindo resfriados e rigidez muscular que podem levar a dores e lesões.\n\n<!--EndFragment-->"
    },
    {
      "type": "banners-grid",
      "banners": [
        {
          "img": "/img/uploads/__manta-terapeutica-infravermelho-magneticpet-2.webp",
          "link": "https://magneticpet.netlify.app/pad-terapeutico-de-dorso-com-infravermelho-para-sela"
        },
        {
          "img": "/img/uploads/capa-de-frio-forrada.jpg",
          "link": "https://magneticpet.netlify.app/capa-de-frio-forrada"
        }
      ]
    },
    {
      "type": "custom-content",
      "markdown": "<!--StartFragment-->\n\n#### **Recuperação: Otimize o Processo de Cura**\n\nQuando uma lesão acontece, a recuperação exige paciência e as ferramentas certas. Os produtos Magnetic Pet oferecem suporte terapêutico contínuo:\n\n* **Porta-Bolsa GELO/Gel Quente-Frio:** essencial para o protocolo RICE (Repouso, Gelo, Compressão, Elevação) em lesões agudas.\n* **Suportes Terapêuticos:** como o de quadril, promovem a cicatrização e alívio da dor através do infravermelho longo e/ou magnetos, reduzindo o tempo de recuperação.\n\n<!--EndFragment-->"
    },
    {
      "type": "banners-grid",
      "banners": [
        {
          "img": "/img/uploads/suporte-abdominal-pos-operatorio.jpg",
          "link": "https://magneticpet.netlify.app/suportes"
        },
        {
          "img": "/img/uploads/porta-bolsa-gelo.gel-quente-frio-mod-1-3.jpg",
          "link": "https://magneticpet.netlify.app/porta-bolsa-gelogel-quente-frio---mod-1"
        }
      ]
    },
    {
      "type": "custom-content",
      "markdown": "<!--StartFragment-->\n\nCuide do seu cavalo com a tecnologia e o carinho que ele merece. Explore a linha completa de produtos Magnetic Pet e invista na saúde e na performance do seu parceiro!\n\n<!--EndFragment-->"
    },
    {
      "type": "collection-shelf",
      "shuffle": false,
      "limit": 12,
      "page": 1,
      "collection_id": "65e7465a87ab487fbfd6b764:categories:Cavalos:/produtos-para-cavalos",
      "sort": "news",
      "link": "https://magneticpet.netlify.app/produtos-para-cavalos",
      "title": "ver tudo em cavalos"
    }
  ]
}