{
  "body": "## **Por que Esperar a Doença Aparecer?**\n\n**A Diferença entre \"Consertar\" e \"Manter\" o seu Campeão**\nNo mundo do hipismo, do laço ou de qualquer modalidade de alta performance, existe uma frase que todo proprietário conhece: \"O cavalo mais caro é aquele que está parado na baia.\"\n\nMuitas vezes, só buscamos auxílio terapêutico quando a claudicação (manqueira) aparece ou quando o animal demonstra dor ao ser selado. Mas e se você pudesse evitar que o processo inflamatório chegasse a esse ponto?\n\n**Prevenção vs. Tratamento: O Cálculo é Simples**\n\nTratamento (Reativo) - Veterinário, exames, medicamentos, meses de repouso e perda de ritmo de prova. **Custo elevado tanto emocional como financeiro**.\n\nPrevenção (Proativo) - Musculatura sempre oxigenada, recuperação rápida pós-treino e menor risco de lesões graves . **Investimento Equipamento Terapêutico.**\n\n## **O Infravermelho Longo como \"Fisioterapia Diária\"**\n\nImagine se um atleta olímpico fizesse fisioterapia apenas quando rompesse um ligamento. Seria impensável, certo? Eles fazem manutenção diária para evitar a lesão. O uso do Infravermelho Longo na rotina do seu cavalo funciona da mesma forma:\n\n**Pós-Treino Imediato:** O Infravermelho Longo atua na remoção do ácido lático acumulado durante o esforço. Isso evita aquela rigidez muscular do dia seguinte e permite que o cavalo esteja \"fresco\" para o próximo treino.\n\n**Microlesões Sob Controle:** Todo treino intenso gera microlesões. A tecnologia Magnetic Pet acelera a reparação dessas fibras antes que elas se tornem uma ruptura ou uma tendinite crônica.\n\n**Aquecimento Biológico:** Usar as mantas antes do exercício prepara a musculatura, aumentando a elasticidade e diminuindo o risco de distensões causadas por esforços bruscos.\n\nAo utilizar os produtos com **Infravermelho Longo e Magnetismo** como ferramenta de manutenção, você não está apenas comprando um acessório; você está adquirindo um **seguro de saúde e performance**.\n\n*É a tecnologia agindo silenciosamente para que as fibras musculares, tendões e articulações do seu cavalo se mantenham jovens e resilientes por muito mais tempo.*\n\n### **Benefícios Preventivos do Infravermelho Longo**\n\n**Aquecimento Eficiente:** Prepara músculos, tendões e articulações para o esforço, reduzindo o risco de distensões no início do treino.\n\n**Remoção de Ácido Lático:** Acelera a recuperação pós-exercício, evitando a fadiga muscular excessiva e as \"dores de segunda-feira\".\n\n**Melhora da Microcirculação:** Garante que nutrientes cheguem com eficiência às estruturas mais exigidas (como os cascos e tendões distal).\n\n**Redução do Estresse:** Promove relaxamento profundo, melhorando o temperamento e o descanso na baia.",
  "title": "Prevenção de Lesões e Performance Equina com Infravermelho",
  "meta_description": "Mantenha seu cavalo saudável e pronto para vencer. Descubra o poder preventivo do Infravermelho Longo da Magnetic Pet: aquece a musculatura, evita lesões e acelera a recuperação pós-treino.",
  "meta_title": "O Segredo da Longevidade: Terapia Preventiva com Infravermelho para Cavalos Atletas",
  "sections": [
    {
      "type": "banner-slider",
      "autoplay": 9000,
      "full_width": true,
      "slides": [
        {
          "start": "2026-02-27T02:38:00.175Z",
          "end": "",
          "img": "/img/uploads/prevencaocavalosd.png",
          "mobile_img": "/img/uploads/prevencaocavalos.png"
        }
      ]
    },
    {
      "type": "breadcrumbs",
      "enabled": true
    },
    {
      "type": "extra-page",
      "enabled": true
    },
    {
      "type": "collection-shelf",
      "shuffle": false,
      "limit": 12,
      "page": 1,
      "collection_id": "65e7465a87ab487fbfd6b764:categories:Cavalos:/produtos-para-cavalos",
      "sort": "sales",
      "link": "https://magneticpet.netlify.app/produtos-para-cavalos",
      "title": "CONHEÇA NOSSOS PRODUTOS"
    },
    {
      "type": "custom-content",
      "markdown": "## **Sua Nova Rotina de Campeão (Como Usar)**\n\n**Antes do Treino: Use a Manta de Descanso por 30-40 min para aquecimento passivo.**"
    },
    {
      "type": "collection-shelf",
      "shuffle": false,
      "limit": 12,
      "page": 1,
      "collection_id": "68b8816d578b5f7954a012af:categories:Mantas e Capas Descanso:/mantas-capas-descanso",
      "sort": "sales",
      "title": "MANTAS",
      "link": "https://magneticpet.netlify.app/mantas-capas-descanso"
    },
    {
      "type": "custom-content",
      "markdown": "**Após o Treino:** Após o banho e secagem, use a Manta de Trabalho e/ou Caneleiras de Trabalho por 60-120 min para recuperação."
    },
    {
      "type": "collection-shelf",
      "shuffle": false,
      "limit": 12,
      "page": 1,
      "collection_id": "68b8812d578b5f7954a0125b:categories:Mantas e Selas de Trabalho:/mantas-selas-trabalho",
      "sort": "views"
    },
    {
      "type": "custom-content",
      "markdown": "## **Conheça os Aliados da Performance: Prevenção que Gera Resultados**\n\nNão espere o sinal de dor para agir. Estes são os produtos-chave que os grandes treinadores usam diariamente para manter seus cavalos no topo, garantindo que cada fibra muscular esteja pronta para o próximo desafio.\n\n**Manta de Descanso Infravermelho**\nO \"Spa\" de recuperação do seu campeão.\nIdeal para uso na baia ou durante o transporte. Ela mantém a microcirculação ativa, relaxa a musculatura dorsal e garante que o cavalo acorde sem rigidez, acelerando a remoção de toxinas após o esforço intenso.\n\n**Caneleiras Premium de Trabalho**\nProteção blindada com tecnologia ativa.\nMuito mais que um suporte de impacto. Enquanto protegem contra pancadas, os magnetos e o infravermelho estimulam os tendões e ligamentos durante o exercício, prevenindo o superaquecimento prejudicial e as temidas tendinites.\n\n**Protetor de Rim Alto Impacto**\nO escudo para a região mais exigida.\nProjetado para absorver o impacto da sela e o peso do cavaleiro, protegendo a região sacroilíaca. Ele utiliza o infravermelho para evitar contraturas e \"travamentos\" no dorso, permitindo maior liberdade de movimento e impulsão."
    },
    {
      "type": "collection-shelf",
      "shuffle": false,
      "limit": 12,
      "page": 1,
      "collection_id": "68f78881578b5f7954d6524e:collections:Para Dores nas Costas, Sensibilidade na Cernelha e Tensão Muscular:/terapeuticos-cavalos",
      "sort": "views",
      "link": "https://magneticpet.netlify.app/terapeuticos-cavalos"
    }
  ]
}