{
  "title": "Política de privacidade",
  "meta_title": "Segurança & Privacidade",
  "meta_description": "Segurança & Privacidade",
  "body": "\n\n**Termos de serviço**\n\n\nPOLÍTICA DE PRIVACIDADE MAGNETIC PET® - Produtos Terapêuticos para Cães, Gatos e Cavalos\n\nNo nosso e-commerce seus dados são armazenados, apenas quando você se cadastra ou realiza alguma compra,  onde seus dados como e-mail , whatsapp podem ser utilizados para comunicações internas da marca por e-mail e/ ou whatsapp  o qual utilizamos para o contato e avisos de novidades e promoções da MAGNETIC PET®, caso aceite as notificações.\n\nSeu e-mail também é armazenado caso você tenha se cadastrado em nossa newsletter, ou se inscreveu para baixar algum e-book ou catálogo, seus dados são armazenados em nossa base externa de emails para comunicações por e-mail, que utilizamos para o contato e avisos de novidades e promoções da MAGNETIC PET®.\n\nDADOS QUE COLETAMOS\nEstes são os dados que coletamos. Nós informamos para você o motivo de coletarmos todos estes dados e com quem os compartilhamos. Além disso, esclarecemos as finalidades que lhes serão destinadas (cumprir obrigações legais, atender suas expectativas e otimizar nossa relação, basicamente). Na tabela abaixo trazemos uma versão simplificada dos seus dados que gerenciamos e para que o fazemos. Lembre-se: em nossa política poderá ver com muito mais precisão para qual finalidade utilizamos seus dados!\n\nPRAZO E LOCAL DE ARMAZENAMENTO DOS DADOS\nDados pessoais Prazo de armazenamento Fundamento legal\n\nDados cadastrais 5 (cinco) anos após o término da relação Art. 12 e 34 do código de defesa do consumidor\n\nOutros dados Enquanto durar a relação e não houver pedido de apagamento ou revogação de consentimento Art. 9, inciso ii da lei geral de proteção de dados pessoais.\n\nACESSIBILIDADE DOS DADOS PESSOAIS\nPodemos coletar ou você poderá nos fornecer seu nome completo, empresa, telefone, cidade, whatsapp e cargo para a sua identificação.\n\nNão solicitamos em nenhum formulário do site dados como CPF, CNPJ, isso somente é solicitado para transação comercial que ocorre por e-commerce , presencialmente ou whatsapp para comercialização de produtos MAGNETIC PET®. Esses dados ficam armazenados em nossa base específica comercial.\n\nTambém coletamos, caso necessário, algumas informações técnicas do seu dispositivo, tais como, a versão do sistema operacional, a sua geolocalização, os aplicativos instalados, IP e porta lógica de origem, registros de interações com a MAGNETIC PET® , telas acessadas, session ID e dados públicos do seu Facebook, Meta, Instagram, Whatsapp, Youtube e redes, visando ampliar o nosso relacionamento, cumprir com obrigações legais, dentre outras finalidades.\n\nRecomendamos que você analise a nossa política onde constam mais detalhadamente as finalidades de uso de dados que coletamos. Usamos esses dados, também, para informar sobre nossos produtos e serviços, de acordo com seu perfil. Além disso, os dados também são utilizados para a sua proteção, seja para cumprir obrigações legais e assim assegurar seus direitos ou até mesmo para prevenir alguma fraude.\n\nCANAL DE CONTATO\nEm caso de qualquer dúvida com relação às disposições da política, você poderá entrar em contato por meio do e-mail: vendas@magneticpet.com.br\n\nDados sensíveis, confira nossa Política de Privacidade para cadastro e pagamento em nosso e-commerce.\n\nNos comprometemos a preservar os dados de todos os clientes, informações importantes como senha e CPF são criptografadas no momento do cadastro, antes de serem salvas. A finalização da sua compra será realizada em ambiente seguro e nenhuma informação relacionada a cartões de crédito ou contas bancárias será armazenada em nossos bancos de dados. \n\nOs dados cadastrais dos clientes não são vendidos, trocados ou divulgados para terceiros, exceto quando essas informações são necessárias para o processo de entrega, para cobrança, ou para participação em promoções solicitadas pelos clientes. \n\nSeus dados pessoais são peça fundamental para que seu pedido chegue em segurança, na sua casa, de acordo com nosso prazo de entrega. \n\nNosso site utiliza cookies e informações de sua navegação (sessão do browser) com o objetivo de traçar um perfil do público que visita o site e aperfeiçoar sempre nossos serviços, produtos, conteúdos e garantir as melhores ofertas e promoções para você. Estas informações são registradas automaticamente e serão mantidas em sigilo absoluto. Qualquer alteração sobre nossa política de privacidade será devidamente informada nesta página.\n\n\n\n\n\n\n\n<div class=\"html-clearfix\"><center><h3>CONTATOS</h3><ul class=\"list-unstyled\"><li><span class=\"footer__list-icon\"><i class=\"i-whatsapp\"></i> </span><a href=\"https://web.whatsapp.com/send?phone=%2B5511994365005\" target=\"_blank\" rel=\"noopener\" class=\"whatsapp-link\" data-tel=\"11994365005\">(11) 99436-5005</a></li><li><span class=\"footer__list-icon\"><i class=\"i-phone\"></i> </span><a href=\"tel:+1134838365\" target=\"_blank\" rel=\"noopener\">(11)3483-8365</a></li><li><a href=\"mailto:vendas@magneticpet.com.br\" target=\"_blank\" rel=\"noopener\">vendas@magneticpet.com.br</a></li><li><address>São Paulo</address></li></ul><p class=\"footer__social\"><a href=\"https://www.facebook.com/magnetic.pet\" target=\"_blank\" rel=\"noopener\" aria-label=\"facebook\" style=\"color: #3b5998\"><i class=\"i-facebook\"></i> </a><a href=\"https://www.youtube.com/@magneticpet620\" target=\"_blank\" rel=\"noopener\" aria-label=\"youtube\" style=\"color: #ff0000\"><i class=\"i-youtube\"></i> </a><a href=\"https://www.instagram.com/magnetic_pet/\" target=\"_blank\" rel=\"noopener\" aria-label=\"instagram\" style=\"color: #e1306c\"><i class=\"i-instagram\"></i></a></p></center></div>",
  "sections": [
    {
      "type": "breadcrumbs",
      "enabled": true
    },
    {
      "type": "page-title"
    },
    {
      "type": "extra-page",
      "enabled": true
    },
    {
      "type": "collection-shelf",
      "shuffle": false,
      "limit": 12,
      "page": 1,
      "sort": "views",
      "title": "Destaques para Você: ",
      "link": "https://magneticpet.netlify.app/destaques"
    },
    {
      "type": "info-bar",
      "enabled": true
    }
  ]
}