{
  "title": "Recuperação e Conforto: Como Magnetic Pet Ajuda no Tratamento de Doenças Caninas",
  "meta_description": "Seu cachorro sofre com dores crônicas ou está em reabilitação? Conheça a Terapia Magnética e o Infravermelho da Magnetic Pet. Ajuda no tratamento de artrose, hérnias e acelera a recuperação pós-cirúrgica.",
  "meta_title": "Tratamento Terapêutico para Cães: Alívio da Dor e Recuperação Natural | Magnetic Pet",
  "body": "## **Uma Nova Abordagem para a Saúde do Seu Melhor Amigo**\n\nVer nosso companheiro enfrentar dores ou limitações físicas é um desafio emocional para qualquer tutor. Há mais de 10 anos, a **Magnetic Pet** se dedica a transformar essa realidade, unindo tecnologia de ponta e cuidado preventivo em soluções não invasivas que já beneficiaram milhares de pets em todo o país.\n\nNossos produtos utilizam duas tecnologias fundamentais que atuam diretamente no bem-estar e na longevidade do seu cão:\n\n**Terapia Magnética:** Através de campos magnéticos estrategicamente posicionados, ajudamos a melhorar o fluxo sanguíneo e a oxigenação celular. Isso acelera o transporte de nutrientes para áreas lesionadas, otimizando a regeneração natural do organismo.\n\n**Infravermelho Longo:** Atuando como um anti-inflamatório natural, o infravermelho emite ondas que penetram profundamente nos tecidos, promovendo o relaxamento muscular e a redução significativa da dor. É o alívio essencial para casos de displasias, artrites ou recuperações pós-cirúrgicas.\n\nCom a experiência de quem é pioneira no setor, a **Magnetic Pet** oferece ao seu amigo um tratamento contínuo e eficaz, garantindo que o caminho para a recuperação seja feito com o máximo de conforto, dignidade e carinho.",
  "sections": [
    {
      "type": "banner-slider",
      "autoplay": 9000,
      "full_width": true,
      "slides": [
        {
          "start": "2026-02-27T03:46:42.463Z",
          "end": "",
          "img": "/img/uploads/cachorrosespecifd.png",
          "mobile_img": "/img/uploads/cachorrosespecif.png"
        }
      ]
    },
    {
      "type": "breadcrumbs",
      "enabled": true
    },
    {
      "type": "extra-page",
      "enabled": true
    },
    {
      "type": "collection-shelf",
      "shuffle": false,
      "limit": 12,
      "page": 1,
      "collection_id": "65e72bc987ab487fbfd67aec:categories:Cães & Gatos:/produtos-para-caes-e-gatos",
      "sort": "sales",
      "link": "https://magneticpet.netlify.app/produtos-para-caes-e-gatos",
      "title": "VER TODOS"
    },
    {
      "type": "custom-content",
      "markdown": "## **Guia de Tratamento por Patologia Canina**\n\n**Artrose, Artrite e Displasia (Dores Articulares)**\n\n**Problema:** Dificuldade para levantar, claudicação (manqueira), dor ao toque.\n\n**Como a Terapia Ajuda:** O infravermelho longo reduz a inflamação na articulação e os magnetos ajudam na regeneração do tecido articular e na absorção do líquido sinovial."
    },
    {
      "type": "collection-shelf",
      "shuffle": false,
      "limit": 12,
      "page": 1,
      "collection_id": "69a10b2ec650040a8ca6f3a1:collections:Cães: Artrose, Artrite e Displasia (Dores Articulares):/caes-artrose-artrite-e-displasia-dores-articulares",
      "sort": "sales",
      "link": "https://magneticpet.netlify.app/caes-artrose-artrite-e-displasia-dores-articulares",
      "title": "RECOMENDAMOS:"
    },
    {
      "type": "custom-content",
      "markdown": "## **Hérnias de Disco, Dores na Coluna e Problemas Neurológicos**\n\n**Problema:** Cão arrastando as patas, dor nas costas, paralisia parcial.\n\n**Como a Terapia Ajuda:** Relaxamento muscular profundo, redução da compressão nervosa através da diminuição do edema e relaxamento muscular, melhora da circulação local."
    },
    {
      "type": "collection-shelf",
      "shuffle": false,
      "limit": 12,
      "page": 1,
      "collection_id": "69a10b2ec650040a8ca6f3a1:collections:Cães: Artrose, Artrite e Displasia (Dores Articulares):/caes-artrose-artrite-e-displasia-dores-articulares",
      "sort": "views",
      "link": "https://magneticpet.netlify.app/caes-artrose-artrite-e-displasia-dores-articulares"
    },
    {
      "type": "custom-content",
      "markdown": "### **Recuperação Pós-Operatória e Cicatrização**\n\n**Problema:** Cicatrizes lentas, risco de infecção, dor pós-cirúrgica.\n\n**Como a Terapia Ajuda:** Estimula a microcirculação e a síntese de colágeno, acelerando o fechamento da pele e a reparação tecidual profunda."
    },
    {
      "type": "collection-shelf",
      "shuffle": false,
      "limit": 12,
      "page": 1,
      "collection_id": "65e72bc987ab487fbfd67aec:categories:Cães & Gatos:/produtos-para-caes-e-gatos",
      "link": "https://magneticpet.netlify.app/produtos-para-caes-e-gatos",
      "sort": "news"
    },
    {
      "type": "custom-content",
      "markdown": "Dê ao seu amigo o alívio que ele merece.\n\nD﻿úvidas, [fale conosco pelo whatsapp](https://wa.me/5511994365005)"
    }
  ]
}