{
  "title": "Terapias Infravermelhos e Magnéticos",
  "body": "<!--StartFragment-->\n\n#### **A Ciência por Trás do Cuidado: Entenda as Terapias Magnetic Pet**\n\nManter um cavalo atleta saudável, confortável e no auge de sua performance é um desafio diário. Dores, inflamações e lesões fazem parte da rotina, mas a forma como lidamos com elas define a longevidade e a qualidade de vida do animal.\n\nA Magnetic Pet investiu nas mais avançadas tecnologias têxteis não invasivas e 100% doping-free: o **Infravermelho Longo** e a **Terapia Magnética (Magnetoterapia)**.\n\nEssas terapias atuam diretamente na causa dos problemas, promovendo a recuperação natural do corpo, aliviando a dor e melhorando o bem-estar geral. Entenda como cada uma funciona e como elas são aplicadas em nossos produtos para tratar as enfermidades mais comuns.\n\n<!--EndFragment-->",
  "meta_title": "Como Funciona a Terapia Magnética e o Infravermelho Longo em Cavalos",
  "meta_description": "Descubra como as terapias magnética e infravermelho da Magnetic Pet aliviam dores de artrose, tendinite e lesões em cavalos. Soluções não invasivas para a saúde do seu campeão.",
  "sections": [
    {
      "type": "breadcrumbs",
      "enabled": true
    },
    {
      "type": "page-title"
    },
    {
      "type": "extra-page",
      "enabled": true
    },
    {
      "type": "custom-content",
      "markdown": "<!--StartFragment-->\n\n**1. O Poder do INFRAVERMELHO LONGO: A Terapia Regenerativa**\n\n**Como funciona?** Não é mágica, é ciência. As fibras do tecido dos nossos produtos são impregnadas com nanopartículas de minerais. Essas partículas absorvem o calor natural emitido pelo corpo do cavalo e o devolvem na forma de ondas de infravermelho longo.\n\nEssas ondas penetram profundamente na pele, gerando um calor suave e profundo que ativa os processos biológicos.\n\n**Principais Benefícios:**\n\n* **Aumenta a Circulação Sanguínea:** A principal ação. O calor suave dilata os vasos sanguíneos, melhorando o fluxo de sangue no local.\n* **Melhora a Oxigenação dos Tecidos:** Mais sangue significa mais oxigênio e nutrientes chegando aos músculos e articulações.\n* **Ação Anti-inflamatória:** Ajuda a reduzir inflamações crônicas e inchaços (ovas).\n* **Efeito Relaxante:** Relaxa a musculatura tensa, aliviando a rigidez e prevenindo contraturas.\n* **Elimina Toxinas:** Ajuda a remover o ácido lático e outras toxinas acumuladas após o esforço.\n\n\n\n#### **2. A Força da TERAPIA MAGNÉTICA: A Terapia Analgésica**\n\n**Como funciona?** A magnetoterapia utiliza campos magnéticos estáticos de baixa frequência, posicionados em pontos específicos sobre o corpo. Esses campos atuam em nível celular, equilibrando o potencial elétrico das células e influenciando as terminações nervosas.\n\n**Principais Benefícios:**\n\n* **Ação Analgésica Potente:** É a principal característica. Os magnetos ajudam a bloquear os sinais de dor enviados ao cérebro, proporcionando um alívio mais rápido e intenso.\n* **Reduz Inflamações Agudas:** Atua de forma eficaz em inflamações causadas por traumas ou pancadas.\n* **Acelera a Consolidação Óssea:** Estimula a atividade celular, auxiliando na recuperação de fraturas e lesões ósseas.\n\n<!--EndFragment-->"
    },
    {
      "type": "responsive-banner",
      "img": "/img/uploads/dores-cavalos.png"
    },
    {
      "type": "custom-content",
      "markdown": "<!--StartFragment-->\n\n#### **Como as Terapias Magnetic Pet Atuam nas Enfermidades Comuns:**\n\nNós aplicamos essas tecnologias em produtos ergonômicos, projetados para tratar os problemas mais comuns do seu cavalo:\n\n* **Para Dores nas Costas, Sensibilidade na Cernelha e Tensão Muscular:**\n\n  * **Enfermidade:** Rigidez muscular pós-treino, dores lombares, sensibilidade ao toque e ao selar.\n  * **Solução:** A **Manta Terapêutica de Trabalho** (com ou sem Protetor de Rim) e o **Suporte de Quadril** utilizam o infravermelho longo para aquecer, relaxar e soltar toda a musculatura do dorso e garupa, prevenindo lesões e aliviando a tensão.\n\n<!--EndFragment-->"
    },
    {
      "type": "collection-shelf",
      "shuffle": false,
      "limit": 12,
      "page": 1,
      "collection_id": "68f78881578b5f7954d6524e:collections:Para Dores nas Costas, Sensibilidade na Cernelha e Tensão Muscular:/terapeuticos-cavalos",
      "link": "https://magneticpet.netlify.app/terapeuticos-cavalos",
      "title": "ver mais"
    },
    {
      "type": "custom-content",
      "markdown": "<!--StartFragment-->\n\n**Para Artrose, Artrite e Dores Articulares (Jarrete e Joelho):**\n\n* **Enfermidade:** Desgaste da cartilagem (Artrose), Esparavão, inflamação crônica nas articulações.\n* **Solução:** A **Jarreteira Terapêutica** e a **Joelheira Terapêutica** (com opções de Infravermelho + Magnetos) focam o tratamento na articulação. Os magnetos oferecem alívio potente para a dor crônica da artrose, enquanto o infravermelho reduz a inflamação.\n\n<!--EndFragment-->"
    },
    {
      "type": "collection-shelf",
      "shuffle": false,
      "limit": 12,
      "page": 1,
      "collection_id": "68f78955578b5f7954d65430:collections:Para Artrose, Artrite e Dores Articulares (Jarrete e Joelho):/para-artrose-artrite-e-dores-articulares-jarrete-e-joelho",
      "link": "https://magneticpet.netlify.app/para-artrose-artrite-e-dores-articulares-jarrete-e-joelho"
    },
    {
      "type": "custom-content",
      "markdown": "<!--StartFragment-->\n\n**Para Tendinites, Desmites (Lesões de Ligamento) e Ovas:**\n\n* **Enfermidade:** Inflamação nos tendões e ligamentos, inchaços (ovas) após esforço ou por ficarem parados na baia.\n* **Solução:** As **Caneleiras Terapêuticas** (de Trabalho ou Repouso) usam o infravermelho para ativar a circulação, \"lavando\" a inflamação da área, acelerando a cicatrização dos tecidos e reduzindo o inchaço.\n\n<!--EndFragment-->"
    },
    {
      "type": "banners-grid",
      "banners": [
        {
          "img": "/img/uploads/caneleira-terapeutica-de-trabalho.jpg",
          "link": "https://magneticpet.netlify.app/caneleira-terapeutica-de-trabalho"
        },
        {
          "img": "/img/uploads/caneleira-terapeutica-retangular.png",
          "link": "https://magneticpet.netlify.app/caneleira-terapeutica-de-descanso"
        }
      ]
    },
    {
      "type": "custom-content",
      "markdown": "<!--StartFragment-->\n\n**Para Ansiedade, Tensão na Nuca e Dores de ATM:**\n\n* **Enfermidade:** Cavalos ansiosos, tensos, que rangem os dentes ou resistem à embocadura.\n* **Solução:** A **Máscara Calmante** com infravermelho longo promove um relaxamento profundo na musculatura da nuca e da mandíbula, aliviando o estresse e a dor.\n\n<!--EndFragment-->"
    },
    {
      "type": "banners-grid",
      "banners": [
        {
          "img": "/img/uploads/mascara-calmante-magneticpet-1.png",
          "link": "https://magneticpet.netlify.app/mascaras"
        },
        {
          "img": "/img/uploads/mascara-calmante-para-equinos-com-orelha-magneticpet-3.jpg",
          "link": "https://magneticpet.netlify.app/mascaras"
        }
      ]
    },
    {
      "type": "custom-content",
      "markdown": "<!--StartFragment-->\n\n**Para Traumas, Pancadas e Pós-Operatório:**\n\n* **Enfermidade:** Inchaço e dor após uma pancada ou cirurgia.\n* **Solução:** O **Porta-Bolsa GELO/Gel Quente-Frio** é a primeira linha de defesa, permitindo a aplicação correta da crioterapia (gelo) para parar a inflamação aguda.\n\n<!--EndFragment-->"
    },
    {
      "type": "banners-grid",
      "banners": [
        {
          "img": "/img/uploads/porta-bolsa-gelo.gel-quente-frio-mod-1-3.jpg",
          "link": "https://magneticpet.netlify.app/porta-bolsa-gelogel-quente-frio---mod-1"
        }
      ]
    },
    {
      "type": "custom-content",
      "markdown": "<!--StartFragment-->\n\nNão trate apenas os sintomas. Invista na recuperação e prevenção com as terapias avançadas da Magnetic Pet. Explore nossa linha completa de produtos para cavalos e ofereça a tecnologia que seu campeão merece.\n\n<!--EndFragment-->"
    },
    {
      "type": "collection-shelf",
      "shuffle": false,
      "limit": 12,
      "page": 1,
      "collection_id": "65e7465a87ab487fbfd6b764:categories:Cavalos:/produtos-para-cavalos",
      "title": "ver tudo",
      "link": "https://magneticpet.netlify.app/produtos-para-cavalos"
    }
  ]
}