{
  "title": "Tratamento de Lesões em Cavalos: Terapia Magnética e Infravermelho",
  "meta_description": "Seu cavalo lesionado? Descubra como os produtos Magnetic Pet aceleram a recuperação de tendinites, artrites e dores musculares com terapia magnética e infravermelho longo. Soluções naturais e eficazes.",
  "meta_title": "Tratamento de Lesões em Cavalos: Terapia Magnética e Infravermelho | Magnetic Pet",
  "body": "# Lesões em Cavalos: Entenda, Previna e Recupere com Tecnologia Terapêutica\n\nCavalos atletas ou de lazer estão constantemente expostos a desgastes que podem comprometer seu bem-estar. Para garantir a **longevidade** e a performance do seu parceiro, é fundamental unir o manejo correto à tecnologia de ponta. Na **Magnetic Pet**, utilizamos a ciência do **Magnetismo** e do **Infravermelho Longo** para acelerar a cura e aliviar o desconforto de forma natural.\n\n## Como a Tecnologia Atua na Fisiologia do Cavalo\n\nDiferente de medicamentos que apenas mascaram a dor, nossa terapia atua diretamente na recuperação celular:\n\n1. **Terapia Magnética: O Motor da Circulação**\n\nCavalos lesionados sofrem com inchaço e estagnação de fluidos. Os imãs estrategicamente posicionados agem como um \"estimulante biológico\":\n\n**Melhora o Fluxo Sanguíneo:** Como o sangue contém ferro (hemoglobina), o campo magnético ajuda a alinhar as partículas sanguíneas, otimizando a circulação.\n\n**Mais Oxigênio e Nutrientes:** Com o sangue fluindo melhor, o oxigênio chega mais rápido ao tecido lesionado, iniciando o processo de regeneração real.\n\n**Drenagem de Toxinas:** Ajuda a remover os resíduos metabólicos (o \"lixo\" da inflamação) que causam dor e calor excessivo.\n\n2. **Infravermelho Longo: O Reparador Profundo**\n   Não é apenas calor; é uma energia que penetra profundamente nos tecidos:\n\n**Ação Anti-inflamatória:** Reduz o edema (inchaço) e descompressiona as terminações nervosas, gerando alívio imediato da dor.\n\n**Reparação de Tecidos:** Estimula as mitocôndrias (as usinas de energia das células) a trabalharem mais rápido para fechar lesões em tendões e músculos.\n\n**Elasticidade e Flexibilidade:** Age nas fibras de colágeno, evitando que a cicatriz fique rígida (aderências) e devolvendo a amplitude de movimento.\n\n**Por que usar os dois juntos?**\nEnquanto o **Magnetismo** limpa o caminho e traz o combustível (sangue e oxigênio), o **Infravermelho** acelera a obra de reconstrução do tecido. É o combo perfeito para reduzir o tempo de baia e garantir que o cavalo retorne ao esporte com tecidos mais fortes e saudáveis.",
  "sections": [
    {
      "type": "banner-slider",
      "autoplay": 9000,
      "full_width": true,
      "slides": [
        {
          "start": "2026-02-27T02:17:00.247Z",
          "end": "",
          "img": "/img/uploads/cavalos-lesoes.png",
          "mobile_img": "/img/uploads/cavalos-lesoes1.png"
        }
      ]
    },
    {
      "type": "breadcrumbs",
      "enabled": true
    },
    {
      "type": "extra-page",
      "enabled": true
    },
    {
      "type": "collection-shelf",
      "shuffle": false,
      "limit": 12,
      "page": 1,
      "sort": "views",
      "collection_id": "65e7465a87ab487fbfd6b764:categories:Cavalos:/produtos-para-cavalos",
      "link": "https://magneticpet.netlify.app/produtos-para-cavalos",
      "title": "CONHEÇA NOSSOS PRODUTOS"
    },
    {
      "type": "custom-content",
      "markdown": "### **Guia de Tratamento por Patologia**\n\n**Tendinites e Desmites (Lesões de Tendão e Ligamento)** \n\n**Problema:** Dores intensas, claudicação (manqueira), inchaço nas canelas e longo tempo de parada.\n\n**Como a Terapia Ajuda:** O infravermelho reduz a inflamação aguda e crônica, enquanto os magnetos estimulam a regeneração das fibras de colágeno, prevenindo cicatrizes rígidas.\n\nAs Caneleiras Terapêuticas reduzem a inflamação aguda e crônica, diminuindo drasticamente o tempo de baia."
    },
    {
      "type": "collection-shelf",
      "shuffle": false,
      "limit": 12,
      "page": 1,
      "collection_id": "68b8807f578b5f7954a01125:categories:Caneleiras:/caneleiras",
      "sort": "views",
      "title": "CANELEIRAS",
      "link": "https://magneticpet.netlify.app/caneleiras"
    },
    {
      "type": "custom-content",
      "markdown": "### **Artrites, Artroses e Dores Articulares**\n\n**Problema:** Rigidez, inchaço nas articulações (boletos, jarretes, joelhos), perda de performance.\n\nDesgaste em boletos, jarretes e joelhos, causando perda de performance e dor ao caminhar.\n\n**Como a Terapia Ajuda:** Acelera a reabsorção de líquidos (edemas), alivia a dor crônica e melhora a lubrificação articular.\n\n**Jarreteiras e Joelheiras Magnéticas** melhoram a lubrificação articular, devolvendo a mobilidade ao animal idoso ou atleta."
    },
    {
      "type": "collection-shelf",
      "shuffle": false,
      "limit": 12,
      "page": 1,
      "collection_id": "68f78955578b5f7954d65430:collections:Para Artrose, Artrite e Dores Articulares (Jarrete e Joelho):/para-artrose-artrite-e-dores-articulares-jarrete-e-joelho",
      "sort": "views",
      "link": "https://magneticpet.netlify.app/para-artrose-artrite-e-dores-articulares-jarrete-e-joelho",
      "title": "VER MAIS"
    },
    {
      "type": "custom-content",
      "markdown": "### **Dores Nas Costas, Lombalgias e Contraturas Musculares**\n\n**Problema:** Resistência à sela, dificuldade em engajar o posterior e sensibilidade ao toque.\n\n**Como a Terapia Ajuda:** Relaxamento profundo das fibras musculares, eliminação de pontos de tensão, aumento do fluxo sanguíneo para a região dorsal.\n\nNossas **Mantas de Trabalho e Descanso** **com Infravermelho** promovem relaxamento muscular profundo e eliminam pontos de tensão antes e depois do exercício."
    },
    {
      "type": "collection-shelf",
      "shuffle": false,
      "limit": 12,
      "page": 1,
      "collection_id": "68f78881578b5f7954d6524e:collections:Para Dores nas Costas, Sensibilidade na Cernelha e Tensão Muscular:/terapeuticos-cavalos",
      "sort": "views",
      "link": "https://magneticpet.netlify.app/terapeuticos-cavalos",
      "title": "CONFIRA"
    },
    {
      "type": "custom-content",
      "markdown": "### **Pós-Operatório e Feridas de Difícil Cicatrização**\n\n**Problema:** Risco de infecção, cicatrização lenta, formação de queloides.\n\n**Como a Terapia Ajuda:** Estimula a microcirculação local, acelerando o fechamento da pele e a regeneração de tecidos profundos."
    },
    {
      "type": "collection-shelf",
      "shuffle": false,
      "limit": 12,
      "page": 1,
      "link": "https://magneticpet.netlify.app/pos-operatorio-e-feridas-de-dificil-cicatrizacao",
      "title": "CONFIRA AQUI",
      "collection_id": "69a0ef55c650040a8ca6e97e:collections:Pós-Operatório e Feridas de Difícil Cicatrização:/pos-operatorio-e-feridas-de-dificil-cicatrizacao",
      "sort": "views"
    },
    {
      "type": "custom-content",
      "markdown": "**Por que usar o Combo Magnetismo + Infravermelho?**\nEnquanto o Magnetismo limpa o caminho e traz o \"combustível\" (sangue e oxigênio), o Infravermelho acelera a \"obra de reconstrução\" do tecido. É o tratamento 360º para quem busca saúde equina sem efeitos colaterais.\n\nPrevenir é o melhor tratamento. Use a linha **Magnetic Pet** diariamente para preparar a musculatura e garantir que o seu campeão esteja sempre pronto para o próximo desafio.\n\nF﻿icou com alguma dúvida, fale conosco pelo [whatsapp](https://wa.me/5511994365005)"
    }
  ]
}