{
  "title": "Viver Mais e Melhor: Terapia Preventiva e Suporte com Infravermelho para Cães",
  "meta_description": "Proteja seu cachorro de dores futuras. Descubra como o Infravermelho Longo da Magnetic Pet ajuda na prevenção de lesões em atletas, no conforto de idosos e no manejo de doenças congênitas.",
  "meta_title": "Prevenção e Qualidade de Vida para Cães: O Poder do Infravermelho Longo | Magnetic Pet",
  "body": "## **Cuidando do Amanhã, Hoje: A Importância da Medicina Preventiva**\n\nGarantir que seu melhor amigo viva mais e melhor exige um olhar atento ao presente. Há mais de 10 anos, a **Magnetic Pet** defende que a medicina preventiva é o segredo da longevidade, agindo antes que as dores da idade se tornem limitações severas.\n\nA tecnologia de **Infravermelho Longo** é a ferramenta ideal para essa \"manutenção\" diária do corpo. De forma totalmente não invasiva e confortável, ela atua no organismo:\n\n**Estimulando a circulação:** Mantendo os tecidos sempre oxigenados e saudáveis.\n\n**Ação Anti-inflamatória:** Combatendo silenciosamente microinflamações articulares antes que virem doenças crônicas.\n\n**Equilíbrio Metabólico:** Auxiliando na eliminação de toxinas e no relaxamento muscular profundo.\n\nCuidar do amanhã significa oferecer hoje uma rotina de bem-estar. Com a **Magnetic Pet,** você proporciona ao seu cão uma velhice ativa, indolor e com a qualidade de vida que ele merece.",
  "sections": [
    {
      "type": "breadcrumbs",
      "enabled": true
    },
    {
      "type": "extra-page",
      "enabled": true
    },
    {
      "type": "custom-content",
      "markdown": "### **Cães Atletas e de Trabalho**\n\n**Foco:** Performance e recuperação.\n\n**Como a Terapia Ajuda:** Aquecimento muscular eficiente antes do exercício (reduz risco de distensão), aceleração da remoção do ácido lático pós-exercício (previne fadiga)."
    }
  ]
}