{
  "title": "Blog MAGNETIC PET® ",
  "meta_title": "Blog MAGNETIC PET® ",
  "meta_description": "Blog MAGNETIC PET® ",
  "sections": [
    {
      "type": "breadcrumbs",
      "enabled": true
    },
    {
      "type": "page-title"
    },
    {
      "type": "blog",
      "enabled": true
    },
    {
      "type": "collection-shelf",
      "shuffle": false,
      "limit": 12,
      "page": 1,
      "sort": "news",
      "title": "Destaques da Semana ",
      "link": "https://magneticpet.netlify.app/destaques"
    },
    {
      "type": "info-bar",
      "enabled": true
    }
  ]
}