{
  "description": {
    "title": "",
    "text": ""
  },
  "links_1": {
    "list_pages": false,
    "title": "",
    "list": []
  },
  "links_2": {
    "list_categories": false,
    "title": "Mais Sobre Nossos Produtos",
    "list": [
      {
        "text": "Como Magnetic Pet Ajuda no Tratamento de Doenças Equinas",
        "url": "https://magneticpet.netlify.app/pages/tratamento-de-lesoes-em-cavalos-terapia-magnetica-e-infravermelho"
      },
      {
        "text": "Terapia Preventiva com Infravermelho para Cavalos Atletas",
        "url": "https://magneticpet.netlify.app/pages/prevencao-de-lesoes-e-performance-equina-com-infravermelho"
      },
      {
        "text": "Tratamento Terapêutico para Cães: Alívio da Dor e Recuperação Natural",
        "url": "https://magneticpet.netlify.app/pages/recuperacao-e-conforto-como-magnetic-pet-ajuda-no-tratamento-de-doencas-caninas"
      },
      {
        "text": "Prevenção e Qualidade de Vida para Cães: O Poder do Infravermelho Longo"
      },
      {
        "text": "Tratamento Terapêutico para Gatos: Alívio da Dor e Recuperação Natural"
      },
      {
        "text": "Prevenção e Qualidade de Vida para Gatos: O Poder do Infravermelho Longo"
      },
      {
        "text": "Tratamento de Dores e Lesões com Magnetoterapia e Infravermelho"
      },
      {
        "text": "Alta Performance e Prevenção: O Poder do Infravermelho Longo"
      }
    ]
  },
  "contacts": {
    "title": "CONTATOS",
    "phone_wpp": true,
    "socials": true,
    "email": true,
    "address": true
  },
  "stamps": [
    {
      "src": "/img/uploads/seguranca.png",
      "alt": "LOJA SEGURA",
      "width": 150,
      "height": 62
    }
  ],
  "payment_methods": {
    "pix": true,
    "visa": true,
    "mastercard": true,
    "elo": true,
    "amex": true,
    "hipercard": false,
    "boleto": true
  },
  "credits": "feito por Alyma"
}