{
  "categories_list": {
    "featured": [
      "/produtos-para-caes-e-gatos?Cães & Gatos",
      "/produtos-para-cavalos?Cavalos",
      "/humanos?Humanos"
    ],
    "random": 3,
    "full_width": true
  },
  "menu_all_departments": true,
  "centralized_logo": true,
  "marketing_stripe": {
    "text": "",
    "link": ""
  },
  "alphabetical_order_submenu": true,
  "name_all_departments": "TODA LOJA",
  "search_input": true,
  "desktop_megamenu": true,
  "full_width_submenu": true,
  "contacts_stripe": {
    "pages": [
      {
        "title": "LOGIN / ENTRE NA SUA CONTA ",
        "link": "https://magneticpet.netlify.app/app/#/account/"
      },
      {
        "title": "VER PEDIDOS",
        "link": "https://magneticpet.netlify.app/app/#/account/orders"
      },
      {
        "title": "SOBRE A EMPRESA",
        "link": "https://magneticpet.netlify.app/pages/sobre-nos"
      },
      {
        "title": "COMO COMPRAR",
        "link": "/pages/faq"
      },
      {
        "title": "REVENDA",
        "link": "/pages/atacado-magneticpet-compre-online"
      }
    ],
    "phone_wpp": true,
    "socials": true
  }
}