{
  "meta_title": "",
  "meta_description": "",
  "sections": [
    {
      "type": "banners-grid",
      "banners": [
        {
          "img": "/img/uploads/caesgatos-magneticpet.png",
          "link": "https://magneticpet.netlify.app/produtos-para-caes-e-gatos"
        },
        {
          "img": "/img/uploads/cavalos-magneticpet.png",
          "link": "https://magneticpet.netlify.app/produtos-para-cavalos"
        },
        {
          "img": "/img/uploads/humanos-magneticpet.png",
          "link": "https://magneticpet.netlify.app/produtos-para-caes-e-gatos"
        }
      ]
    },
    {
      "type": "banner-slider",
      "autoplay": 9000,
      "full_width": true,
      "slides": [
        {
          "start": "2025-12-02T20:51:34.056Z",
          "end": "",
          "img": "/img/uploads/cavalos-magneticpet-vitrine1.png",
          "link": "https://magneticpet.netlify.app/produtos-para-cavalos",
          "mobile_img": "/img/uploads/cavalos-magneticpet-vitrine1-m.png"
        }
      ]
    },
    {
      "page": 1,
      "title": "",
      "shuffle": false,
      "headless": true,
      "type": "collection-shelf",
      "link": "https://magneticpet.netlify.app/produtos-para-cavalos",
      "limit": 12,
      "collection_id": "65e7465a87ab487fbfd6b764:categories:Cavalos:/produtos-para-cavalos",
      "sort": "views"
    },
    {
      "type": "banners-grid",
      "banners": [
        {
          "img": "/img/uploads/cavalo11.png",
          "link": "https://magneticpet.netlify.app/mantas-selas-trabalho"
        },
        {
          "img": "/img/uploads/cavalo12.png",
          "link": "https://magneticpet.netlify.app/pages/terapias-infravermelhos-e-magneticos"
        },
        {
          "img": "/img/uploads/cavalo13.png",
          "link": "https://magneticpet.netlify.app/caneleiras"
        }
      ]
    },
    {
      "type": "banner-slider",
      "autoplay": 9000,
      "full_width": true,
      "slides": [
        {
          "start": "2026-02-25T06:07:54.513Z",
          "end": "",
          "img": "/img/uploads/pets.png",
          "mobile_img": "/img/uploads/pets-m.png",
          "link": "https://magneticpet.netlify.app/produtos-para-caes-e-gatos"
        }
      ]
    },
    {
      "type": "collection-shelf",
      "shuffle": false,
      "limit": 12,
      "page": 1,
      "collection_id": "65e72bc987ab487fbfd67aec:categories:Cães & Gatos:/produtos-para-caes-e-gatos",
      "sort": "sales",
      "link": "https://magneticpet.netlify.app/produtos-para-caes-e-gatos",
      "title": "Conforto e Cuidado para seu Pet"
    },
    {
      "type": "banner-slider",
      "autoplay": 9000,
      "full_width": true,
      "slides": [
        {
          "start": "2026-02-27T00:25:20.247Z",
          "end": "",
          "img": "/img/uploads/humanos-magneticpet1.png",
          "mobile_img": "/img/uploads/humanosm.png",
          "link": "https://magneticpet.netlify.app/humanos"
        }
      ]
    }
  ]
}